dataset,acc,f1,auc
openml__Click_prediction_small__190408,0.8320400500625782,0.7685015689193277,0.6600543631407707
